	epitope	percentile
0	YVLDHLIVV	100.0
1	GLCTLVAML	97.5609756097561
2	LLWNGPMAV	95.1219512195122
3	GILGFVFTL	92.6829268292683
4	YLQPRTFLL	90.2439024390244
5	NLVPMVATV	87.8048780487805
6	AMFWSVPTV	85.36585365853658
7	FLYNLLTRV	82.92682926829268
8	NLNCCSVPV	80.48780487804879
9	VLFGLGFAI	78.04878048780488
10	ELAGIGILTV	75.60975609756098
11	KMVAVFYTT	75.60975609756098
12	VVLSWAPPV	73.17073170731707
13	VVMSWAPPV	70.73170731707317
14	ILTGLNYEV	68.29268292682927
15	IMDQVPFSV	65.85365853658537
16	ILTGLNYEA	63.41463414634146
17	VAANIVLTV	60.97560975609756
18	YLEPGPVTV	58.536585365853654
19	RLQSLQTYV	56.09756097560976
20	ALYGFVPVL	56.09756097560976
21	KLMNIQQKL	53.65853658536586
22	KLWASPLHV	51.21951219512195
23	CINGVCWTV	51.21951219512195
24	RLGPYLEFL	48.78048780487805
25	ALSPVIPHI	46.34146341463415
26	LLHGFSFYL	43.90243902439025
27	FLYNPLTRV	41.46341463414634
28	KLVALGINAV	41.46341463414634
29	ILNAMIAKI	41.46341463414634
30	MLNIPSINV	39.02439024390244
31	KMVAVFYNT	39.02439024390244
32	VLHDDLLEA	36.58536585365854
33	LLSIIFFPA	36.58536585365854
34	MMPFSIVYI	34.146341463414636
35	CVNGSCFTV	31.70731707317073
36	LMFWASSSI	31.70731707317073
37	VLNYFEPYL	29.268292682926827
38	ILNVDIFTL	26.82926829268293
39	LLAMTVPNV	26.82926829268293
40	AVGSYVYSV	26.82926829268293
41	YILKYSVFL	24.390243902439025
42	RLVPYLEFL	24.390243902439025
43	ALSPVIPLI	24.390243902439025
44	NLFNRYPAL	21.951219512195124
45	LLSIISFPA	21.951219512195124
46	LLFGMPPCL	21.951219512195124
47	KLLEIAPNC	21.951219512195124
48	LLFGYPVYV	21.951219512195124
49	KLNTITPVV	21.951219512195124
50	SLAPLSPRV	21.951219512195124
51	ILNVDVFTL	21.951219512195124
52	FLTVFSHFM	21.951219512195124
53	VLEETSVML	21.951219512195124
54	VLFHRAFLV	21.951219512195124
55	KLMNIQQQL	19.51219512195122
56	VMPFSIVYI	19.51219512195122
57	CFVECAPVC	19.51219512195122
58	LLFGMTPCL	19.51219512195122
59	VLNPFIYML	19.51219512195122
60	EIQEFCPNT	19.51219512195122
61	RTMEVCYNT	19.51219512195122
62	AEMEFCPCC	19.51219512195122
63	VLNYFKPYL	19.51219512195122
64	ALYGSVPVL	19.51219512195122
65	LLAILTYYV	19.51219512195122
66	GCQEICPAC	19.51219512195122
67	KVKEVCPNV	19.51219512195122
68	FMLYLLTLM	19.51219512195122
69	LLAIKVPNV	17.073170731707318
70	LLFALHFSA	17.073170731707318
71	GMGPLLATV	17.073170731707318
72	VLNPFIYTL	17.073170731707318
73	CLNEYHLFL	17.073170731707318
74	LIIPFIHLI	17.073170731707318
75	CFLLILPNC	17.073170731707318
76	ITDQVPFSV	17.073170731707318
77	RLARLALVL	17.073170731707318
78	THLMVLCCV	14.634146341463413
79	SLLWMNPFV	14.634146341463413
80	YVLTWIVGA	14.634146341463413
81	NMIHFAPNV	14.634146341463413
82	SLAPLSPRA	14.634146341463413
83	MIISHLYLI	14.634146341463413
84	FMIGYTSAL	14.634146341463413
85	LLAILPYYV	14.634146341463413
86	MMPFSIVYIV	14.634146341463413
87	FLIYLDVSV	14.634146341463413
88	ILNAMITKI	14.634146341463413
89	MLYQHLLPL	14.634146341463413
90	LLAMKVPNV	14.634146341463413
91	LLIASVTWL	12.195121951219512
92	FLFMYLVTV	12.195121951219512
93	GLTSFFIAI	12.195121951219512
94	NMINFAPNI	12.195121951219512
95	NDMLVCANI	12.195121951219512
96	LLFALYFSA	12.195121951219512
97	LLAGTLAVV	12.195121951219512
98	LVLEVDPNI	12.195121951219512
99	KMVTVCPNT	12.195121951219512
100	RMFPNAPYL	12.195121951219512
101	LLAGTLAGV	12.195121951219512
102	RLSDFSEQL	12.195121951219512
103	KLFEFLVYGV	12.195121951219512
104	FLTYLDVSV	12.195121951219512
105	KLSREIMPV	12.195121951219512
106	GMGPLLAMV	12.195121951219512
107	SLLWMNLFV	12.195121951219512
108	VLENFTIFLV	12.195121951219512
109	KLNTITAVV	12.195121951219512
110	VMPFSIVYIV	12.195121951219512
111	FIYQYYSSI	9.75609756097561
112	LVMPFSIVYI	9.75609756097561
113	SLPITVYYA	9.75609756097561
114	VVTGVLVYL	9.75609756097561
115	LLSLFSLWL	9.75609756097561
116	VLDGFIPGT	9.75609756097561
117	KLFEFLVHGV	9.75609756097561
118	SVLENFTIFL	9.75609756097561
119	CCIEVINNT	9.75609756097561
120	LLGATCMFV	9.75609756097561
121	LMVLHSPSL	9.75609756097561
122	RMAAISNTV	9.75609756097561
123	ALSYTPAEV	9.75609756097561
124	LLLNMLIVL	9.75609756097561
125	YLLFMIGYA	9.75609756097561
126	LMMPFSIVYI	9.75609756097561
127	KASEKIFYV	9.75609756097561
128	ILLDWAANI	9.75609756097561
129	SIIGRLLEV	9.75609756097561
130	ALIHHNTYL	9.75609756097561
131	TAMDIFVTV	9.75609756097561
132	ALIHHNTHL	9.75609756097561
133	KLLAGVEIV	9.75609756097561
134	LLFNILGGWV	9.75609756097561
135	YLLFMIGYT	9.75609756097561
136	FLNVLFPLL	9.75609756097561
137	VLMGGVPGVE	7.317073170731707
138	TMSFSHLFYL	7.317073170731707
139	FIDCYLLAI	7.317073170731707
140	KIVALGINAV	7.317073170731707
141	CHIPVEPNT	7.317073170731707
142	FLFTFFASI	7.317073170731707
143	YLQDSMATT	7.317073170731707
144	FILDAVQRV	7.317073170731707
145	MLSILALVRV	7.317073170731707
146	TMAAISNTV	7.317073170731707
147	GLMAIAWFI	7.317073170731707
148	KLSHQLVLL	7.317073170731707
149	YVVTWIVGA	7.317073170731707
150	LHMEFCSCC	7.317073170731707
151	FDVMVMPNL	7.317073170731707
152	ILLDWAANV	7.317073170731707
153	KLPLDINPV	7.317073170731707
154	FMIGYASAL	7.317073170731707
155	SLFWNEPAI	7.317073170731707
156	FIFSYVVAV	7.317073170731707
157	LIFNMLYWI	7.317073170731707
158	RCMLQCPSV	7.317073170731707
159	NNILIATCV	7.317073170731707
160	SLLRSLENV	7.317073170731707
161	KTVGIYPNA	7.317073170731707
162	SILDAVQRV	7.317073170731707
163	QLLVSLWGL	7.317073170731707
164	GAVECCPNC	7.317073170731707
165	WLSLLVPFV	7.317073170731707
166	YLLAIFSGL	7.317073170731707
167	FLNDLLSVM	7.317073170731707
168	FIDQYYSSI	7.317073170731707
169	YILEETSVM	7.317073170731707
170	LMVPHSPSL	7.317073170731707
171	YMFLASPSV	7.317073170731707
172	FLDEFMEAV	7.317073170731707
173	ILIVMVPFL	7.317073170731707
174	AVGSHVYSV	7.317073170731707
175	FLNDLLSVL	7.317073170731707
176	IMIEFCPGG	7.317073170731707
177	FLDEFMEGV	4.878048780487805
178	MIISHLSLI	4.878048780487805
179	IMLEALERV	4.878048780487805
180	RMWDFDIFL	4.878048780487805
181	ILIVMFPFL	4.878048780487805
182	LVFPLVMGV	4.878048780487805
183	SLLMWITQV	4.878048780487805
184	KIILFLPCI	4.878048780487805
185	MLGEQLFPL	4.878048780487805
186	YLEPGPVTA	4.878048780487805
187	RVIGMPPPV	4.878048780487805
188	VQYLGMFPV	4.878048780487805
189	FLGIYTVTV	4.878048780487805
190	FLMASISSS	4.878048780487805
191	AMAGSLVFL	4.878048780487805
192	MLLKHDVSL	4.878048780487805
193	RLMKHYPGI	4.878048780487805
194	QDVEIPPNI	4.878048780487805
195	WVLALFDEV	4.878048780487805
196	KLPLDIDPV	4.878048780487805
197	TLSKPSPMPV	4.878048780487805
198	YLWPPVQLA	4.878048780487805
199	KLSELHAYI	4.878048780487805
200	KLANPLPYT	4.878048780487805
201	VLLGVKLSGV	4.878048780487805
202	LIIPCIHLI	4.878048780487805
203	FLTVFSPFM	4.878048780487805
204	ILGGQVVHTV	4.878048780487805
205	VLLGVKLFGV	4.878048780487805
206	FIMGISILL	4.878048780487805
207	SVLENFTILL	4.878048780487805
208	SLDLTTSPV	4.878048780487805
209	KLSHQPVLL	4.878048780487805
210	TAMDLFVTV	4.878048780487805
211	FMLLTQARI	4.878048780487805
212	KLSELHTYI	4.878048780487805
213	LMLWASSSI	4.878048780487805
214	VQYLGMLPV	4.878048780487805
215	FLASPSVPL	4.878048780487805
216	RLIKHYPGI	4.878048780487805
217	FMLLTQARL	4.878048780487805
218	FLSDHLYLV	4.878048780487805
219	AAGIGILTV	4.878048780487805
220	CLGGLLTMV	4.878048780487805
221	YLCSGSSYF	2.4390243902439024
222	SLLQGSPHL	2.4390243902439024
223	VLENFTILLV	2.4390243902439024
224	FLWSVFMLI	2.4390243902439024
225	VLFAAFSSA	2.4390243902439024
226	NLVPMVAAV	2.4390243902439024
227	SLLQGSPHV	2.4390243902439024
228	LLWNTVWNM	2.4390243902439024
229	SLLMWITQA	2.4390243902439024
230	ILITQVLGL	2.4390243902439024
231	YLVALGVNAV	2.4390243902439024
232	KIFGSLAFL	2.4390243902439024
233	HIAKSPFEV	2.4390243902439024
234	FLEIYTVTV	2.4390243902439024
235	YLVALGINAV	2.4390243902439024
236	NLAPMVATV	2.4390243902439024
237	FLPDLNANA	2.4390243902439024
238	YIFLGNLAL	2.4390243902439024
239	ALLQVTLLL	2.4390243902439024
240	TMSSSHLFYL	2.4390243902439024
241	YVTAMDIFV	2.4390243902439024
242	MVIGIPVYV	2.4390243902439024
243	YMPTTIIAA	2.4390243902439024
244	YLDELIRNT	2.4390243902439024
245	FSFPLDFLV	2.4390243902439024
246	VLASPSVPL	2.4390243902439024
247	ALLETLSLLL	2.4390243902439024
248	FQLNQSFEI	2.4390243902439024
249	YLQDSLATT	2.4390243902439024
250	NLNRCSVPV	2.4390243902439024
251	FIAGLIAIV	2.4390243902439024
252	RLHDLVLPL	2.4390243902439024
253	LLDEKGPEV	2.4390243902439024
254	KLLAGDEIV	2.4390243902439024
255	GLSPNLNRFL	2.4390243902439024
256	SLVALGINAV	2.4390243902439024
257	YLDELIKNT	2.4390243902439024
258	LLFAAFSSA	2.4390243902439024
259	LLFGLALIEV	2.4390243902439024
260	KLGASPLHV	2.4390243902439024
261	RLLPLLALL	2.4390243902439024
262	MLLKQDVSL	2.4390243902439024
263	RLWEPLRVV	2.4390243902439024
264	NLFNRYLAL	2.4390243902439024
265	YLYDRLLRI	2.4390243902439024
266	SLLMWITQC	2.4390243902439024
267	YLLPRRGPRL	2.4390243902439024
268	FLNVFFPLL	2.4390243902439024
269	KAANIVLTV	2.4390243902439024
270	AIMDKNIIL	2.4390243902439024
271	GLLHHAPSL	2.4390243902439024
272	YLCSGSSYFV	2.4390243902439024
273	FVYVFTTHL	2.4390243902439024
274	YLYDRLLRV	2.4390243902439024
275	NLAQTDLATV	2.4390243902439024
276	FMYSDFHFI	2.4390243902439024
277	TLFTMVGTV	2.4390243902439024
278	HIVEISTPV	2.4390243902439024
279	YTSEILSPI	2.4390243902439024
280	ALSYTPVEV	2.4390243902439024
281	HQLGGVVEV	2.4390243902439024
282	LVIGMPPPV	2.4390243902439024
283	AMAGSPVFL	2.4390243902439024
284	FLGIYTVTVV	2.4390243902439024
285	SLDPTTSPV	2.4390243902439024
286	YLLPAIVHI	2.4390243902439024
287	SVASTITGV	2.4390243902439024
288	YLSNIIPAL	2.4390243902439024
289	MLIGIPVYV	2.4390243902439024
290	FVGEFFTDV	2.4390243902439024
291	FITGISILL	2.4390243902439024
292	FMLYLVTLM	2.4390243902439024
293	RLHDLVFPL	2.4390243902439024
294	MLGERLFPL	2.4390243902439024
295	LMASISSFL	2.4390243902439024
296	FLFMYLVMV	2.4390243902439024
297	KLAKPLPYT	2.4390243902439024
298	TLWCSPIKV	2.4390243902439024
299	QLCDVMFYL	2.4390243902439024
300	LLVDLAEEL	2.4390243902439024
301	YVNELVVFV	2.4390243902439024
302	ALVPMVATV	2.4390243902439024
303	RLLCALTSL	2.4390243902439024
304	QLIPCMDVV	2.4390243902439024
305	YVTAMDLFV	2.4390243902439024
306	FLIASVTWL	2.4390243902439024
307	YMLTLHTKL	2.4390243902439024
308	GLYDGMEHL	2.4390243902439024
309	FLPDLNVNA	2.4390243902439024
310	YMLDLQPETT	2.4390243902439024
311	YLQQNWWTL	2.4390243902439024
312	ALVGAIPSI	2.4390243902439024
313	VMIIVSSLAV	2.4390243902439024
314	NLVAMVATV	2.4390243902439024
315	FMSAYSGVL	2.4390243902439024
316	YMVLASPSV	2.4390243902439024
317	MLMLAVIVA	2.4390243902439024
318	WLWEPLRVV	2.4390243902439024
319	YLNELVVFV	2.4390243902439024
320	LLIDLTSFLL	2.4390243902439024
