	epitope	percentile
0	YVLDHLIVV	100.0
1	GLCTLVAML	97.5609756097561
2	LLWNGPMAV	95.1219512195122
3	GILGFVFTL	92.6829268292683
4	YLQPRTFLL	90.2439024390244
5	NLVPMVATV	87.8048780487805
6	FLYNLLTRV	82.92682926829268
7	NLNCCSVPV	80.48780487804879
8	AMFWSVPTV	85.36585365853658
9	KLWASPLHV	51.21951219512195
10	VAANIVLTV	60.97560975609756
11	IMDQVPFSV	65.85365853658537
12	VVLSWAPPV	73.17073170731707
13	VVMSWAPPV	70.73170731707317
14	ILTGLNYEV	68.29268292682927
15	ALYGFVPVL	56.09756097560976
16	YLEPGPVTV	58.536585365853654
17	MLNIPSINV	39.02439024390244
18	CINGVCWTV	51.21951219512195
19	VLFGLGFAI	78.04878048780488
20	ELAGIGILTV	75.60975609756098
21	KLMNIQQKL	53.65853658536586
22	RLGPYLEFL	48.78048780487805
23	RLQSLQTYV	56.09756097560976
24	ILTGLNYEA	63.41463414634146
25	ALYGSVPVL	19.51219512195122
26	FLYNPLTRV	41.46341463414634
27	VLHDDLLEA	36.58536585365854
28	YILKYSVFL	24.390243902439025
29	FMLYLLTLM	19.51219512195122
30	LLFGYPVYV	21.951219512195124
31	KMVAVFYTT	75.60975609756098
32	ILNAMIAKI	41.46341463414634
33	VLNPFIYML	19.51219512195122
34	KLSREIMPV	12.195121951219512
35	VLNPFIYTL	17.073170731707318
36	VMPFSIVYI	19.51219512195122
37	LLLNMLIVL	9.75609756097561
38	AVGSYVYSV	26.82926829268293
39	FLTYLDVSV	12.195121951219512
40	LLFALHFSA	17.073170731707318
41	MLYQHLLPL	14.634146341463413
42	RLVPYLEFL	24.390243902439025
43	YLEPGPVTA	4.878048780487805
44	LLSIIFFPA	36.58536585365854
45	VLFHRAFLV	21.951219512195124
46	KLNTITPVV	21.951219512195124
47	VLEETSVML	21.951219512195124
48	LMFWASSSI	31.70731707317073
49	NLFNRYPAL	21.951219512195124
50	RLARLALVL	17.073170731707318
51	MMPFSIVYI	34.146341463414636
52	LLSIISFPA	21.951219512195124
53	KLFEFLVHGV	9.75609756097561
54	MLLKHDVSL	4.878048780487805
55	VLNYFEPYL	29.268292682926827
56	TMSFSHLFYL	7.317073170731707
57	KLVALGINAV	41.46341463414634
58	FILDAVQRV	7.317073170731707
59	FMIGYTSAL	14.634146341463413
60	ALIHHNTHL	9.75609756097561
61	SILDAVQRV	7.317073170731707
62	ALSPVIPHI	46.34146341463415
63	NLVPMVAAV	2.4390243902439024
64	LIFNMLYWI	7.317073170731707
65	SLLWMNLFV	12.195121951219512
66	FLTVFSHFM	21.951219512195124
67	YLDELIKNT	2.4390243902439024
68	FLSDHLYLV	4.878048780487805
69	GMGPLLAMV	12.195121951219512
70	SLLRSLENV	7.317073170731707
71	NLAPMVATV	2.4390243902439024
72	FIYQYYSSI	9.75609756097561
73	MLLKQDVSL	2.4390243902439024
74	CLGGLLTMV	4.878048780487805
75	YLLFMIGYA	9.75609756097561
76	SLFWNEPAI	7.317073170731707
77	MLGEQLFPL	4.878048780487805
78	GMGPLLATV	17.073170731707318
79	AVGSHVYSV	7.317073170731707
80	LLFGMPPCL	21.951219512195124
81	FIDCYLLAI	7.317073170731707
82	FMLYLVTLM	2.4390243902439024
83	FLFMYLVTV	12.195121951219512
84	GLLHHAPSL	2.4390243902439024
85	YVNELVVFV	2.4390243902439024
86	ALVPMVATV	2.4390243902439024
87	KMVAVFYNT	39.02439024390244
88	YLWPPVQLA	4.878048780487805
89	GLMAIAWFI	7.317073170731707
90	FVYVFTTHL	2.4390243902439024
91	YLDELIRNT	2.4390243902439024
92	RLSDFSEQL	12.195121951219512
93	YLQDSMATT	7.317073170731707
94	KLPLDINPV	7.317073170731707
95	FIMGISILL	4.878048780487805
96	NLVAMVATV	2.4390243902439024
97	WLWEPLRVV	2.4390243902439024
98	VLLGVKLFGV	4.878048780487805
99	KLFEFLVYGV	12.195121951219512
100	LLFALYFSA	12.195121951219512
101	TMSSSHLFYL	2.4390243902439024
102	RLWEPLRVV	2.4390243902439024
103	HIAKSPFEV	2.4390243902439024
104	LLAMKVPNV	14.634146341463413
105	RMWDFDIFL	4.878048780487805
106	IMLEALERV	4.878048780487805
107	YVLTWIVGA	14.634146341463413
108	KLMNIQQQL	19.51219512195122
109	VLENFTIFLV	12.195121951219512
110	YLLAIFSGL	7.317073170731707
111	KASEKIFYV	9.75609756097561
112	YTSEILSPI	2.4390243902439024
113	FLFTFFASI	7.317073170731707
114	FLIYLDVSV	14.634146341463413
115	LMMPFSIVYI	9.75609756097561
116	LLHGFSFYL	43.90243902439025
117	YLLFMIGYT	9.75609756097561
118	FMIGYASAL	7.317073170731707
